1,Clyde,Little
2,Nina,Oliver
3,Delia,Kim
4,Mollie,Palmer
5,Herbert,Stewart
6,Craig,Marsh
7,Nelle,Shaw
8,Mary,Jackson
9,Lelia,Simpson
10,Bettie,Kelly
11,Joe,Blake
12,Albert,McCormick
13,Georgia,Phelps
14,Joseph,Riley
15,Janie,Barnett
16,Devin,Ruiz
17,Alvin,Delgado
18,Augusta,Matthews
19,Angel,Pierce
20,Caleb,Ellis
21,Victoria,Daniel
22,Harry,Rios
23,Samuel,Willis
24,Anne,Cain
25,Christian,Colon
26,Bettie,Cruz
27,Margaret,Moore
28,Margaret,Ray
29,Lydia,Bowen
30,Paul,Wagner
31,Eric,Reyes
32,Elizabeth,Conner
33,Allen,Wells
34,Hallie,Harmon
35,Isaiah,Soto
36,Josephine,Parsons
37,Jordan,Cobb
38,Anne,Armstrong
39,Myra,Roberson
40,Adeline,Hines
41,Marie,Bowman
42,Polly,Santos
43,Dorothy,Carson
44,Evan,Rodriguez
45,Larry,Carson
46,Adeline,Robertson
47,Frances,Kim
48,Willie,Snyder
49,Scott,Torres
50,Cora,Rodriguez
51,Micheal,Munoz
52,Abbie,Drake
53,Grace,Daniel
54,Sean,Owens
55,Micheal,Murphy
56,Erik,Walters
57,Myrtie,Chapman
58,Lulu,Burke
59,Jonathan,Padilla
60,Mabel,Howard
61,Phoebe,Gutierrez
62,Larry,Pearson
63,Vincent,Stewart
64,Michael,Chavez
65,Edgar,Brady
66,Viola,Lawrence
67,Melvin,Gross
68,Brett,Harris
69,Lewis,Wolfe
70,Fanny,Ross
71,Raymond,Murray
72,Eula,Wilkerson
73,Lydia,Richardson
74,Richard,Garcia
75,Ora,Wong
76,Catherine,Robinson
77,Hettie,Lyons
78,Ricardo,Sherman
79,Nina,Moody
80,Lura,Blake
81,Rodney,Hanson
82,Mario,Matthews
83,Chris,Alvarez
84,Maude,Gordon
85,Clyde,Kelley
86,Daniel,Baker
87,Kevin,Reese
88,Dale,Stevenson
89,Seth,Jensen
90,Alexander,Arnold
91,Georgie,Saunders
92,Gilbert,Hawkins
93,Esther,Morales
94,Floyd,Becker
95,Nellie,Cunningham
96,Victor,Parks
97,Lydia,Gomez
98,Iva,Munoz
99,Eugenia,Valdez
100,Robert,Hughes
